author,name,queries,LLM1,LLM_RAG1,LLM2,LLM_RAG2,LLM3,LLM_RAG3
Владимир Маяковский,Послушайте!,"Напиши краткий анализ стихотворения Владимира Маяковского ""Послушайте!"" на основе его размера, рифмы и основной мысли","Стихотворение Владимира Маяковского ""Послушайте!"" написано в свободном стихе, что позволяет автору использовать разнообразные размеры строк, создавая динамичный и энергичный ритм. Это соответствует общей идее произведения, где Маяковский стремится привлечь внимание читателя и вызвать у него эмоциональную реакцию.

В плане рифмы, стихотворение характеризуется ассонансами и аллитерациями, что добавляет музыкальности и подчеркивает важность ключевых слов. Например, повторение звука ""с"" в строках ""Скажите мне, товарищ, / Что вы видите в этом?"" усиливает ощущение настойчивости и требовательности.

Основная мысль стихотворения заключается в призыве к действию, в необходимости изменить мир и бороться за свои идеалы. Маяковский использует сильные, выразительные образы, чтобы подчеркнуть свою позицию: ""Я вас молю, товарищ, / Скажите мне, что делать?"". Эти строки выражают внутреннюю борьбу и поиск смысла в окружающем мире, призывая слушателя к активному участию в общественной жизни.

Таким образом, структурные особенности стихотворения, такие как свободный размер и использование звуковых эффектов, служат средством усиления основной идеи о необходимости коллективного действия и изменения мира.","Стихотворение Владимира Маяковского ""Послушайте!"" написано в свободном стихе, что характерно для авангардного направления, в котором он работал. Размер стихотворения нерегулярный, с чередованием строк разной длины, что подчеркивает эмоциональную насыщенность текста. Рифма также нерегулярная, преимущественно перекрестная и неполная, что создает динамичный и неожиданный ритм.

Основная мысль стихотворения заключается в вопросе о смысле и значении таких явлений, как звезды, которые, по мнению Маяковского, не просто существуют, но и ""зажигаются"" для какой-то высшей цели. Поэт задается вопросом, зачем нужны звезды, если они являются лишь символами надежды и желания для человека. Основной акцент делается на человеческом стремлении к свету и красоте, даже если это стремление кажется абсурдным или ненужным с точки зрения логики.

Центральная часть стихотворения описывает историю человека, который готов на все ради звезды, что символизирует его внутреннюю потребность в чем-то большем. Это создает контраст между внешней твердостью и внутренней уязвимостью человека, показывая, как глубоко укоренено в нас стремление к чему-то прекрасному и недосягаемому.

Таким образом, стихотворение поднимает вопросы о значении искусства, веры и человеческих желаний, используя простые, но мощные образы и эмоционально насыщенный язык. Оно приглашает читателя задуматься о том, зачем мы ищем смысл в вещах, которые кажутся незначительными или даже бессмысленными.","Стихотворение Владимира Маяковского ""Послушайте!"" написано в жанре политической сатиры и обращено к читателю с призывом обратить внимание на социальные проблемы. Размер стихотворения — свободный, что характерно для футуризма, который стремился освободиться от традиционных форм. Это позволяет поэту использовать разнообразные ритмические структуры, подчеркивая динамику и напряженность произведения.

### Размер и рифма:
- **Размер**: Свободный стих, без строгой метрической структуры. Маяковский использует различные размеры строк, что создает эффект непрерывного движения и усиливает эмоциональное воздействие текста.
- **Рифма**: В стихотворении преобладает парная рифма, которая придает тексту определенную музыкальность и упорядоченность, несмотря на общую свободу формы.

### Основная мысль:
Основная мысль стихотворения заключается в призыве к общественному пробуждению и борьбе за социальную справедливость. Маяковский обращает внимание на несправедливость и лицемерие окружающего мира, используя сатиру и яркие образы, чтобы побудить читателя к действию. Он призывает людей не оставаться равнодушными к проблемам общества и активно участвовать в их решении.

В стихотворении звучит лозунг ""Послушайте!"", который становится своего рода призывом к мобилизации и объединению людей вокруг важных социальных вопросов. Маяковский использует сильные, выразительные образы и метафоры, чтобы подчеркнуть свою мысль и вызвать у читателя эмоциональный отклик.","Стихотворение Владимира Маяковского ""Послушайте!"" написано в свободной форме, что характерно для его творчества. Размер стихотворения не поддается четкой классификации, так как Маяковский часто отходил от традиционных метрических структур, предпочитая более разнообразные и динамичные ритмические решения. Это создает ощущение естественного потока мыслей и эмоций.

Что касается рифмы, то в стихотворении используется смешанная система рифмования. В первой части заметна чередующаяся рифма (ABAB), которая затем переходит в более свободную и нерегулярную схему. Такое использование рифмы подчеркивает стремление Маяковского к выразительности и индивидуальности, избегая шаблонов и предсказуемости.

Основная мысль стихотворения заключается в том, что даже самые простые и, казалось бы, бессмысленные вещи, такие как звезды, имеют свою значимость и предназначение. Маяковский задает вопрос: ""Зачем нужны звезды?"" и через метафору звезд, которые ""зажигают"", поднимает вопрос о смысле существования и роли каждого человека в этом мире. Он показывает, что даже самые маленькие и, возможно, незаметные действия или желания могут иметь глубокий смысл и значение.

Стихотворение также акцентирует внимание на человеческом стремлении к чему-то большему, к надежде и вере, даже когда кажется, что все потеряно. Образ человека, который ""врывается к богу"" и ""просит, чтобы обязательно была звезда"", символизирует человеческое стремление к свету и утешению в трудные времена. Это создает ощущение надежды и устойчивости перед лицом жизненных испытаний.

Таким образом, ""Послушайте!"" можно рассматривать как философское размышление о значении и предназначении жизни, выраженное через призму простого и доступного образа звезды.","Владимир Маяковский в своём стихотворении ""Послушайте!"" использует свободный стих, что позволяет ему экспериментировать с формой и ритмом, создавая динамичное и энергичное звучание. Размер стихотворения нерегулярный, с чередованием строк разной длины, что подчёркивает спонтанность и импульсивность высказывания.

Что касается рифмы, она также нерегулярна и часто ассонансная, что придаёт стихотворению мелодичность и делает его более запоминающимся. Отсутствие строгой схемы рифмовки усиливает ощущение живого диалога и напряжённости, передавая атмосферу уличного выступления.

Основная мысль стихотворения заключается в призыве к действию, к переменам и борьбе за справедливость. Маяковский использует яркие метафоры и образы, чтобы подчеркнуть необходимость преобразований в обществе. Он обращается к слушателям с резкостью и настойчивостью, призывая их не просто слушать, но и действовать, принимать участие в изменении мира вокруг.

Примеры строк, иллюстрирующих эти особенности:

- ""Послушайте! Я кричу вам в лицо...""
- ""Где же ваша воля? Где ваши руки?""
- ""Дайте мне революцию!""

Эти строки демонстрируют как динамичный ритм, так и призыв к активному участию, характерный для всего стихотворения.","Стихотворение Владимира Маяковского ""Послушайте!"" написано в размере ямба, что придает тексту динамичность и ритмичность. Строка состоит из четырех слогов, чередующихся ударными и безударными, создавая четкий и энергичный ритм.

Что касается рифмы, то в стихотворении используется перекрестная рифма (ABAB), что придает тексту мелодичность и связность. Это способствует легкому восприятию и запоминанию стихотворения.

Основная мысль произведения заключается в вопросе о смысле существования и роли каждого элемента в мире. Маяковский задает вопрос: ""Зачем нужны звезды?"", подразумевая, что даже кажущиеся бессмысленными явления имеют свою ценность. Он показывает, как человек, увидевший звезду, готов на все, чтобы она оставалась в небе, что символизирует стремление к свету, надежде и красоте. В стихотворении выражена идея о том, что каждая звезда, как и каждый человек, имеет свое предназначение, и ее свет необходим для того, чтобы освещать мир и вдохновлять других.

Таким образом, ""Послушайте!"" становится призывом к осознанию значимости каждого момента и каждого действия, ведь даже самые маленькие и, казалось бы, незначительные вещи могут иметь глубокий смысл."
Федор Тютчев,Весенняя гроза,"Анализ стихотворения Федора Тютчева ""Весенняя гроза"" на основе его размера, рифмы и основной мысли","Стихотворение Фёдора Тютчева ""Весенняя гроза"" написано четырёхстопным хореем с перекрестной рифмой (ABAB). Размер стихотворения создаёт ощущение плавности и ритмичности, что подчёркивает динамику весенней грозы.

Основная мысль произведения заключается в противопоставлении природных сил и человеческого восприятия. Тютчев описывает грозу как мощное и разрушительное явление, но в то же время он подчёркивает её красоту и очищающую силу. В первой строфе поэт говорит о том, как гроза ""буйствует"", ""шумит"" и ""громоздит"" тучи, создавая образ бурной стихии. Однако во второй строфе он переходит к более спокойному описанию, где гроза уже предстаёт как ""чистый свет"", ""последний дождик"" и ""радуга"". Это противопоставление подчёркивает идею о том, что даже в самых суровых проявлениях природы есть гармония и красота.

Рифма (ABAB) добавляет музыкальность стихотворению, делая его звучание более выразительным. Весь текст наполнен метафорами и эпитетами, что усиливает образность и эмоциональную глубину произведения:

1. ""Как будто буйный, шумный поток...""
2. ""И вот уж льётся последний дождик...""
3. ""И радуга над ним сверкает...""

Эти строки ярко передают динамику и красоту весенней грозы, показывая её как нечто одновременно могущественное и очаровательное.","Стихотворение Фёдора Тютчева ""Весенняя гроза"" написано в четырёхстопном ямбе, что создаёт ритмичность и плавность, соответствующую весеннему настроению. Рифма в стихотворении перекрестная (ABAB), что добавляет музыкальности и помогает удерживать внимание читателя на ключевых образах и моментах.

Основная мысль стихотворения заключается в восхищении природой и её силой. Автор передаёт радость и восторг от наблюдения за весенней грозой, подчеркивая, как она становится частью живого диалога с природой. Гроза предстаёт как естественный процесс, который гармонично вписывается в окружающую среду: ""Все вторит весело громам"". 

Тютчев использует яркие образы, такие как ""пыль летит"", ""перлы дождевые"", ""нити золотит"", чтобы создать ощущение присутствия и полного погружения в атмосферу весенней грозы. В финале стихотворения автор вводит мифологический элемент, сравнивая небо с кубком, из которого богиня Геба наливает вино, что символизирует божественную силу и красоту природных явлений. Это усиливает впечатление от стихотворения и подчёркивает его глубокую философскую основу.","Стихотворение Федора Тютчева ""Весенняя гроза"" написано в форме ямбического триметра, что придает ему плавность и естественность. Размер стихотворения составляет 14 строк, что соответствует классическому формату sonnet, хотя сам Тютчев не следовал строгой сонетной структуре. Рифма в стихотворении организована по схеме ABAB CDCD EFEF GG, что создает гармоничное звучание и подчеркивает ритмические особенности текста.

Основная мысль стихотворения заключается в противопоставлении силы природы и хрупкости человеческой жизни. Весенняя гроза, с ее мощью и разрушительной силой, становится метафорой для жизненных испытаний, которые человек должен преодолеть. Однако, несмотря на всю свою суровость, гроза также приносит обновление и очищение, что символизирует возможность возрождения и обновления после трудностей. 

Рассмотрим некоторые ключевые строки, которые иллюстрируют эти идеи:

1. ""Как часто, в тишине ночной, / Мелькнет молния, / Как часто, в час угрюмый, / Загремит гром!"" - здесь описывается внезапность и сила природных явлений, которые вызывают как страх, так и восхищение.

2. ""И все живое / Блаженно дремлет; / Но вдруг / Порыв ветра..."" - эта фраза показывает, как даже самые спокойные моменты могут быть нарушены внезапными и мощными изменениями.

3. ""Но вдруг / Порыв ветра... / И грянул гром..."" - здесь подчеркивается внезапность и неотвратимость природных катаклизмов.

4. ""Но вдруг / Порыв ветра... / И грянул гром, / И все кругом / Засверкало..."" - этот переход от тишины к грохоту и сверканию подчеркивает мощь природы и ее способность изменять окружающий мир.

5. ""И все кругом / Засверкало, / И полилась / Сквозь ливень / Лазурь..."" - здесь природа предстает как источник обновления и света, несмотря на свою первоначальную грозную силу.

Таким образом, стихотворение ""Весенняя гроза"" является глубоким размышлением о взаимосвязи человека и природы, где природа выступает как символ жизненных испытаний и одновременно как источник надежды и обновления.","Стихотворение Федора Тютчева ""Весенняя гроза"" написано в ямбическом размере, что придает ему легкость и плавность. Структура стихотворения состоит из четырехстопного ямба, что создает ритмичность и гармонию. Рифма в стихотворении перекрестная (ABAB), что добавляет музыкальности и связности текста.

Основная мысль произведения заключается в восхищении природой и её силой. Тютчев использует образы весенней грозы, чтобы передать красоту и могущество природных явлений. Он описывает грозу как игру, где ""гром резвится и играет"", подчеркивая её динамичность и жизненную энергию. В то же время, автор улавливает гармонию между природными явлениями: ""Все вторит весело громам"". 

Тютчев также акцентирует внимание на том, как гроза влияет на окружающий мир: ""Вот дождик брызнул, пыль летит"", ""И солнце нити золотит"". Это указывает на преобразующую силу природы, которая, несмотря на свою мощь, способна приносить обновление и красоту. Основная идея стихотворения — это восхищение природой, её силой и красотой, а также её способностью приносить радость и вдохновение. 

Финальная строка: ""Ты скажешь: ветреная Геба, / Кормя Зевесова орла, / Громокипящий кубок с неба, / Смеясь, на землю пролила."" — завершает образ весенней грозы как божественного дара, символизирующего обновление и плодородие.","Стихотворение Федора Тютчева ""Весенняя гроза"" написано в форме ямба, что придаёт ему плавность и естественность, соответствующую картине природы. Размер стихотворения — 14 строк, что составляет одну строфу, характерную для баллады, но здесь она служит для выражения единого эмоционального состояния.

Рифма в стихотворении — перекрёстная (ABAB), что создаёт ощущение гармонии и упорядоченности. Такой тип рифмовки подчеркивает связь между различными элементами природы и человеческими чувствами.

Основная мысль стихотворения заключается в том, что природа, даже в её разрушительных проявлениях, является источником жизни и обновления. Весенняя гроза, с её громом и молнией, символизирует очищение и возрождение. Тютчев пишет:

```
Какая мощь в этом громе,
Какая сила в этих звуках!
```

Эти строки подчеркивают динамику и энергию природы, которая, несмотря на свою силу, несет в себе обновление и надежду. Основная идея заключается в том, что природные явления, хотя и внушают страх, являются неотъемлемой частью жизненного цикла и приносят новую жизнь:

```
И, утомлённый, засыпает
Под шум весенних водопадов.
```

Здесь подчеркивается идея успокоения и примирения с природой, которая после бурного проявления возвращается к своему спокойному состоянию. Стихотворение отражает философское восприятие природы как силы, способной как разрушать, так и обновлять.","Стихотворение Федора Тютчева ""Весенняя гроза"" написано в размере четырёхстопного хорея, что придаёт ему живой и подвижный характер, соответствующий описанию весенней грозы. Рифма в стихотворении перекрестная (ABAB), что создаёт гармоничное и плавное звучание.

Основная мысль стихотворения заключается в изображении весенней грозы как символа обновления и пробуждения природы. Тютчев использует яркие образы и метафоры, чтобы передать радостное и мощное воздействие грозы на окружающий мир. Например, гром сравнивается с ""громокипящим кубком"", который ""смеясь, на землю пролила"", что подчеркивает его жизнеутверждающую силу и красоту.

Стихотворение также отражает идею единства человека и природы: гром и шум природы ""вторят весело громам"", что указывает на то, что природа отзывается на внутренние переживания человека, а человек, в свою очередь, чувствует себя частью этого природного процесса.

Таким образом, стихотворение не только описывает природное явление, но и выражает глубокое философское отношение к жизни и её изменчивости."
Михаил Лермонтов,Родина,"Напиши краткий анализ стихотворения Михаила Лермонтова ""Родина"" на основе его размера, рифмы и основной мысли","Стихотворение Михаила Лермонтова ""Родина"" написано четырёхстопным ямбом, что придаёт ему мелодичность и плавность. Основная мысль произведения заключается в сложных, противоречивых чувствах поэта по отношению к родине. 

1. **Размер**: Четырёхстопный ямб создаёт ритмическую структуру, которая подчёркивает внутренний конфликт лирического героя. Этот размер позволяет выразить глубину и многогранность чувств, которые испытывает поэт.

2. **Рифма**: Стихотворение имеет перекрёстную рифму (абаб), что усиливает динамику текста и помогает акцентировать внимание на ключевых моментах, где раскрываются различные грани отношения поэта к родине.

3. **Основная мысль**: В ""Родине"" Лермонтов выражает двойственное чувство: любовь и ненависть к России. Он признаёт величие и красоту своей страны, но одновременно осознаёт её недостатки и социальные проблемы. Это противоречие отражено в строках: 
   - ""Люблю отчизну я, но странною любовью..."" — здесь подчёркивается сложность и неоднозначность чувств.
   - ""И может быть, куда она губительней..."" — это свидетельствует о разочаровании и осознании тёмных сторон родной земли.

Таким образом, стихотворение ""Родина"" является примером глубокого и многослойного осмысления темы родины в русской поэзии, где личные переживания переплетаются с общественными реалиями.","Стихотворение Михаила Лермонтова ""Родина"" написано четырехстопным хореем с чередованием мужских и женских рифм (ABAB), что создает плавный и ритмичный рисунок. Это придает тексту особую мелодичность и легкость, делая его легко воспринимаемым.

Основная мысль стихотворения заключается в противоречии между разумным пониманием и чувственным восприятием родины. Лермонтов выражает любовь к России, которая отличается от традиционной, интеллектуально обоснованной любви. Он говорит о ""странной любви"", не объясняя её причины, но подчеркивая, что она связана с конкретными образами и ощущениями: степей, лесов, рек, деревень и простых сцен из жизни крестьян. Эти образы наполнены глубокой эмоциональной силой, которая не поддается логическому объяснению. В этом проявляется романтическая идея о связи человека с природой и его корнями, где чувства и интуиция играют более значительную роль, чем рациональное осмысление.","Стихотворение Михаила Лермонтова ""Родина"" написано в форме ямба, четырёхстопного размера, что придаёт ему плавность и мелодичность. Рифма в стихотворении перекрестная (ABAB), что создаёт гармоничное звучание и удерживает внимание читателя на ключевых образах и идеях.

Основная мысль стихотворения выражена в противопоставлении любви к родине и осознания её недостатков. Лермонтов пишет о том, что, несмотря на все трудности и несовершенства, он всё равно любит свою родину, потому что она часть его самого. Это выражено в строках:

> Как ни бывал я влюблён,
> Какие сердце ни знало,
> Но нет милее уголка
> На свете, чем мой уголок!

Автор подчёркивает, что даже если бы он нашёл более прекрасные места, его родина всегда будет занимать особое место в его сердце. Стихотворение отражает глубокую связь поэта с его родиной, несмотря на его разочарование в ней. Лермонтов показывает, что любовь к родине не зависит от её совершенства, а основана на личных воспоминаниях и чувствах.","Стихотворение Михаила Лермонтова ""Родина"" написано четырехстопным ямбом, что придает тексту ровный и размеренный ритм, создавая ощущение спокойствия и умиротворенности. Рифма в стихотворении — перекрестная (абаб), что добавляет музыкальности и гармоничности звучанию. 

Основная мысль произведения заключается в том, что любовь к родине у поэта имеет необычную, не объяснимую причинами природу. Он любит не за славу, историю или покой, а за простые и обыденные вещи: ""холодное молчанье"" степей, ""колыханье"" лесов, ""дрожащие огни"" деревень. Для него родина — это не абстрактное понятие, а живая картина природы и быта, которая вызывает в нем теплые и ностальгические чувства. 

Таким образом, стихотворение Лермонтова демонстрирует, что истинная любовь к родине может проявляться в самых простых и незаметных вещах, которые часто остаются незамеченными другими.","Стихотворение Михаила Лермонтова ""Родина"" написано в размере четырехстопного ямба, что придает ему торжественность и величие. Строгая рифмовка — abab — создает ритмичность и упорядоченность, подчеркивая внутреннюю борьбу и противоречия, которые испытывает лирический герой.

Основная мысль стихотворения заключается в сложных чувствах, которые испытывает поэт по отношению к своей родине. С одной стороны, он любит ее и признает ее красоту, о чем свидетельствуют строки: ""Как дикий цвет hill в пустыне,/ Как солнца луч в тесной темнице"". С другой стороны, он осознает, что Россия — это не только прекрасный край, но и место, где ему неуютно из-за социальных и политических ограничений, что выражено фразой: ""И, с детских лет, привыкнув к оковам,/ Я гнаться не хочу за мнимыми свободами"".

Таким образом, стихотворение отражает глубокую личную связь поэта с родиной, которая одновременно и любима, и вызывает чувство угнетения.","Стихотворение Михаила Лермонтова ""Родина"" написано четырехстопным ямбом, что придает тексту плавность и мелодичность. Рифма в стихотворении перекрестная (ABAB), что создает ритмическую устойчивость и помогает выделить ключевые образы и мысли.

Основная мысль стихотворения заключается в том, что любовь к родине не всегда связана с материальными или историческими аспектами. Лермонтов говорит о том, что его чувство к родине — это нечто интуитивное и глубоко личное, не объяснимое разумом. Он описывает природные и бытовые детали, которые вызывают у него ностальгию и эмоциональную привязанность: степи, леса, реки, деревни и избы. Эти элементы служат символами родной земли, вызывающими у поэта особое чувство дома и умиротворения.

Таким образом, стихотворение показывает, что любовь к родине может быть не только патриотической, но и интимной, основанной на личном опыте и воспоминаниях. Это делает ее более универсальной и близкой читателю, способствуя пониманию и сопереживанию."
Эдуард Асадов,Я могу тебя очень ждать...,"Проанализируй ""Я могу тебя очень ждать"" Эдуарда Асадова на основе его размера, рифмы и основной мысли","Стихотворение Эдуарда Асадова ""Я могу тебя очень ждать"" написано в размере четырехстопного хорея, что создает ритмическую легкость и плавность. Оно имеет перекрестную рифму (АБАБ), что придает стихотворению мелодичность и позволяет четко выделить ключевые образы и эмоции.

Основная мысль стихотворения заключается в выражении глубокой любви и терпеливого ожидания возлюбленной. Поэт передает чувство преданности и готовности ждать, несмотря на любые препятствия:

1. ""Я могу тебя очень ждать,  
   Даже если ты далеко.""  
2. ""Могу я тебя забывать,  
   Когда сердце твоё со мной?""

Эти строки подчеркивают силу чувств, способных преодолеть расстояния и время. Стихотворение передает не только эмоциональное состояние героя, но и его уверенность в том, что любовь сможет победить все трудности.","Стихотворение Эдуарда Асадова ""Я могу тебя очень ждать"" написано в размере четырехстопного ямба, что придает ему плавность и мелодичность. Это создает ощущение уверенности и решимости, подчеркивая готовность говорящего ждать и следовать за любимым человеком.

Что касается рифмы, то стихотворение следует схеме ABAB, что делает его звучание более гармоничным и запоминающимся. Такая структура способствует созданию четкой и последовательной композиции, где каждое четверостишие завершается рифмой, подводя итог определенной мысли или эмоции.

Основная мысль стихотворения заключается в глубокой преданности и готовности жертвовать ради любимого человека. Говорящий готов ждать его долгие годы, преодолевать любые препятствия и отдавать все, что у него есть. Он подчеркивает, что хочет знать, что его усилия не напрасны и что его чувства взаимны. В центре внимания — вопрос о подлинности и значимости этих чувств, что делает стихотворение особенно трогательным и эмоциональным.

Строки, выражающие эту основную мысль, можно выделить следующим образом:

1. ""Я могу тебя очень ждать, / Долго-долго и верно-верно,""
2. ""Только знать бы, что все не зря,""
3. ""Что люблю тебя не напрасно!""

Эти строки подчеркивают главную идею стихотворения — необходимость уверенности в том, что усилия и чувства не напрасны.","Стихотворение Эдуарда Асадова ""Я могу тебя очень ждать"" написано в форме свободного стиха, что означает отсутствие строгой метрической структуры и рифмовки. Это позволяет поэту сосредоточиться на содержании и эмоциональной глубине текста.

1. **Размер**: Стихотворение не следует какой-либо конкретной метрической схеме, поэтому его размер можно охарактеризовать как свободный. Это дает возможность использовать разнообразные длины строк и ритмические паттерны для усиления эмоционального воздействия.

2. **Рифма**: В стихотворении используется нерегулярная рифмовка, где некоторые строки рифмуются между собой (например, ""жду"" и ""тебя""), тогда как другие остаются без рифмы. Такой подход добавляет музыкальности и создает ощущение естественности, что соответствует теме ожидания и надежды.

3. **Основная мысль**: Основная идея стихотворения заключается в силе любви и терпения. Поэт выражает уверенность в том, что даже если время ожидания кажется долгим, любовь способна преодолеть все преграды. Это видно из строк, таких как ""Я могу тебя очень ждать / Не знаю, сколько времени пройдет"", где подчеркивается готовность ждать и вера в то, что встреча состоится.

В целом, стихотворение передает чувство надежды и веры в силу чувств, которые могут преодолеть любые трудности.","Стихотворение Эдуарда Асадова ""Я могу тебя очень ждать"" написано в свободном стихе, что позволяет автору выражать свои чувства без строгих ограничений метрики. Это создает ощущение искренности и непосредственности в передаче эмоций.

**Размер:** Стихотворение состоит из восьмистишных строф (октав), что придает ему определенную структуру и ритмичность. Однако, отсутствие строгой метрики делает каждый стих уникальным, подчеркивая индивидуальность авторского подхода.

**Рифма:** Рифмовка в стихотворении смешанная, с элементами перекрестной и парной рифмы. Например, в первой строфе рифмуются строки 1 и 3, 2 и 4, 5 и 7, 6 и 8. Такая организация рифмы добавляет музыкальности и плавности чтению.

**Основная мысль:** В центре стихотворения стоит тема преданности и готовности жертвовать ради любимого человека. Поэт говорит о своей способности ждать долго и верно, идти за любимым по любым путям, отдавать все, что у него есть, лишь бы это было нужно и ценно для другого. Основная идея заключается в том, что истинная любовь требует самоотдачи и уверенности в взаимности чувств. Асадов задается вопросом о значимости своих действий и желания знать, что они не будут напрасными, что подчеркивает глубину и неуверенность в ответных чувствах.","Стихотворение Эдуарда Асадова ""Я могу тебя очень ждать"" написано в размере четырехстопного хорея, что создает ритмическую плавность и легкость в восприятии. Основная рифма — перекрестная (абаб), что придает стиху динамичность и подчеркивает эмоциональную насыщенность текста.

Основная мысль стихотворения заключается в силе любви и терпении, которые способны преодолеть любые расстояния и время. Поэт использует повторение фразы ""я могу тебя очень ждать"", чтобы усилить чувство преданности и надежды. Это подчеркивает веру в то, что даже самые долгие ожидания могут завершиться встречей и счастьем.

Примеры строк, иллюстрирующих эти элементы:

1. **Размер**:  
   ""Я могу тебя очень ждать,  
    В любую пору и час.""

2. **Рифма**:  
   ""В любую пору и час —  
    С тобой встречу я.""

3. **Основная мысль**:  
   ""Я могу тебя очень ждать,  
    Пока звезды не погаснут.""

Эти строки показывают, как размер и рифма поддерживают основную тему стихотворения, делая его глубоким и трогательным.","Стихотворение Эдуарда Асадова «Я могу тебя очень ждать» написано четырехстопным ямбом, что придает ему плавность и ритмичность. Размер стихотворения составляет 14 строк, что соответствует форме сонета, хотя сам Асадов не указывает на это явно. Это создает ощущение завершенности и глубины.

Что касается рифмы, то в стихотворении используется перекрестная рифма (ABAB CDCD EFEF GHGH), что добавляет музыкальности и гармонии тексту. Такая структура позволяет акцентировать внимание на ключевых моментах и эмоциях, выраженных в каждой строфе.

Основная мысль стихотворения заключается в безграничной преданности и готовности жертвовать ради любимого человека. Поэт подчеркивает свою способность ждать, следовать за любимым и отдавать ему все, что у него есть, лишь бы это было взаимно. Основное послание – это уверенность в том, что любовь и преданность не должны быть напрасными, и что важно, чтобы любимый человек чувствовал ту же глубину чувств. Слова «что все не зря» повторяются на протяжении всего стихотворения, усиливая эту идею и делая её центральной темой произведения."
Анна Ахматова,А ты думал - я тоже такая...,"Проанализируй Анны Ахматовой ""А ты думал - я тоже такая"" на основе его размера, рифмы и основной мысли","Анна Ахматова в своем стихотворении ""А ты думал - я тоже такая"" использует свободный размер, что придает тексту естественность и живость. Стихотворение не следует строгим метрическим рамкам, что позволяет автору выразить глубокие эмоции и внутренние переживания без ограничений традиционных форм.

Что касается рифмы, то здесь она нерегулярная и асимметричная, что создает ощущение спонтанности и неожиданности. Это подчеркивает непредсказуемость человеческих чувств и отношений, которые являются центральной темой произведения.

Основная мысль стихотворения заключается в разочаровании и осознании того, что за внешней оболочкой скрываются сложные внутренние переживания. Ахматова пишет:

```
А ты думал - я тоже такая,
И молчала, как все, и шептала,
Как все, в тёмном углу - о другом?
```

Эти строки показывают, что героиня не соответствует стереотипам и ожиданиям окружающих. Она скрывает свою истинную сущность, которая отличается от общепринятых норм. В дальнейшем стихотворении Ахматова раскрывает глубину своих чувств и мыслей, показывая, что за внешним фасадом может скрываться богатый внутренний мир.

Вот еще несколько строк, которые передают основную идею:

```
Я - не ты, не твой человек.
Я - не та, кто в толпе шепчет о любви.
```

Эти строки подчеркивают уникальность и непохожесть героини на других, а также ее стремление к искренности и autenticity.","Стихотворение Анны Ахматовой ""А ты думал - я тоже такая"" написано в четырехстопном хорее, что придает ему четкость и ритмичность. Это создает ощущение уверенности и решимости, подчеркивая твердую позицию автора.

**Рифма:** Стихотворение построено по схеме ABAB, что обеспечивает плавность и гармоничность звучания. Рифмы здесь точные и ясные, что усиливает эмоциональное воздействие текста.

**Основная мысль:** Основная идея стихотворения заключается в том, что автор отвергает образ слабой и покорной женщины, который может быть навязан обществом или мужчинами. Она утверждает свою силу и независимость, заявляя, что не будет бросаться в ноги или просить о прощении. Вместо этого она обещает, что никогда не вернется к тому, кто её недооценивал. Ахматова использует образы ""копыта гнедого коня"", ""наговорной воды"" и ""душистого платка"", чтобы подчеркнуть своё намерение сохранить достоинство и не поддаваться на манипуляции. Клятва ""ангельским садом"", ""чудотворной иконой"" и ""пламенным чадом"" ночей подчеркивает глубину её чувств и решимость.

Таким образом, стихотворение передает мощное послание о самоутверждении и независимости женщины, которая отказывается быть жертвой обстоятельств.","Анна Ахматова в стихотворении ""А ты думал - я тоже такая"" использует свободный размер, что позволяет ей гибко выражать сложные эмоции и внутренние переживания. Рифма в стихотворении нерегулярная, она меняется от строфы к строфе, создавая ощущение естественности и спонтанности. Это подчеркивает непредсказуемость и глубину чувств, которые испытывает лирическая героиня.

Основная мысль стихотворения заключается в том, что внешняя оболочка человека может не соответствовать его внутреннему миру. Лирическая героиня отвергает предположение о своей легкости и поверхностности, показывая, что за внешней простотой скрываются сложные переживания и душевная глубина. Строка ""А ты думал - я тоже такая"" становится ключевой, она провоцирует читателя переосмыслить свои представления о человеке, которого он знает.

Релевантные строки:

1. ""А ты думал - я тоже такая?""
2. ""Как зеркало твоё лицо"".
3. ""Но я - не ты, не ты, не ты"".

Эти строки подчеркивают контраст между внешним образом и внутренним миром лирической героини, демонстрируя её независимость и самобытность.","Стихотворение Анны Ахматовой ""А ты думал - я тоже такая"" написано в четырёхстопном ямбе, что придаёт ему ритмическую стройность и лёгкость. Это позволяет поэту создавать плавное и выразительное звучание, которое подчёркивает эмоциональную глубину текста.

### Рифма:
Рифма в стихотворении перекрестная (ABAB), что создаёт музыкальную гармонию и подчёркивает внутреннюю связь между строками. Такая схема рифмования усиливает впечатление целостности и завершённости произведения.

### Основная мысль:
Основная мысль стихотворения заключается в отказе от прошлого и нежелании поддаваться на попытки возобновления прежних отношений. Поэтесса отвергает идею о том, что она может измениться ради кого-то другого или вернуться к прежним чувствам. Она обещает не поддаваться мольбам и не использовать старые способы привлечения внимания, такие как слезы или магические обряды. Вместо этого она клянётся, что её отношения с этим человеком закончились навсегда и она не вернётся к нему, даже если он будет молить об этом. Это выражено в строках: ""Но клянусь тебе ангельским садом, / Чудотворной иконой клянусь, / И ночей наших пламенным чадом - / Я к тебе никогда не вернусь.""

Таким образом, стихотворение является мощным выражением решимости и независимости, демонстрирующим силу женской воли и отказ от зависимости от прошлых отношений.","Стихотворение Анны Ахматовой ""А ты думал - я тоже такая"" написано в размере четырехстопного ямба, что придает ему плавность и мелодичность. Оно состоит из восьми строк, каждая из которых рифмуется по схеме abababcc. Такая рифмовка подчеркивает внутреннюю связь и развитие мысли, выраженной в стихотворении.

Основная мысль стихотворения заключается в разоблачении мифа о том, что все женщины одинаковы, особенно в отношении эмоциональных переживаний и жизненных испытаний. Ахматова показывает, что за внешней оболочкой может скрываться сложный внутренний мир, полный противоречий и тайн. В первых строках она говорит о том, что не стоит предполагать о другом человеке, что он такой же, как и ты, и что за видимой простотой может скрываться глубокая душевная сложность:

```
А ты думал - я тоже такая,
Как у всех, без страха и без лжи?
Я жила, как будто бы в тюрьме,
И знала, что никто не услышит.
```

Эти строки передают чувство изоляции и одиночества, которое может испытывать человек, даже если внешне он кажется спокойным и сдержанным. Стихотворение подчеркивает важность понимания и уважения к индивидуальности каждого человека, а не к упрощенным стереотипам.","Стихотворение Анны Ахматовой ""А ты думал - я тоже такая"" написано в размере четырёхстопного анапеста, что создаёт ритмическую плавность и подчёркивает эмоциональную глубину текста. Рифма в стихотворении перекрёстная (ABAB), что придаёт ему особую мелодичность и гармоничность.

Основная мысль стихотворения заключается в том, что героиня разрушает стереотип о себе как о женщине, готовой на любые жертвы ради любимого человека. Она отвергает традиционные представления о женской слабости и покорности, заявляя, что не станет мольбой и слезами добиваться внимания мужчины. Вместо этого она обещает вернуться к своей независимости и внутренней силе, клянясь в этом ангельским садом, чудотворной иконой и пламенным чадом ночей, проведённых вместе. Это подчёркивает её решимость и внутреннюю непоколебимость, а также подчеркивает, что её любовь и привязанность не зависят от внешних проявлений чувств."
