author,theme,queries,LLM_LORA_P1,LLM_LORA_P2,LLM_LORA_P3
Александр Пушкин,Зима в деревне,Напиши стихотворение в стиле Александра Пушкина. Тема - зима в деревне,"В зимней деревне, где снег лежит,  
Как белый пух на земле мягкий,  
Там тишь и мгла, как будто век  
Спит под покровом морозного ветра.

Деревья в ледяных уборах,  
Словно хрустальные башни, стоят,  
И каждый ствол — как струна в гробах,  
Что ждут весны, когда распахнутся врата.

Луна, как серебряный лепесток,  
Плывёт сквозь облака, в сонном танце,  
И свет её, как древний пророк,  
Ведёт к рассвету, в мир надежды.

Снегири, словно яркие огни,  
Скользят по веткам, в тишине ночей,  
И слышится, как будто вдруг зазвучат  
Сказания старинные в дремоте.

А утром, когда солнце встанет,  
И первый луч на крышу упадёт,  
То вновь проснётся жизнь в деревне,  
И звонкий смех детей раздастся вновь.  

Так зима, как мудрый старец,  
Укрывает землю в белоснежный покров,  
Чтоб вновь, как птица из оков,  
Разбудить её, когда придёт пора.","В зимнем царстве, где снега белы,  
Деревня спит под бархатом неба.  
Луна, как серебряный ключик,  
Открывает тайны ночи мглы.

Деревья, в ледяных уборах,  
Стоят, как стражи в сказке древней.  
Их ветви – кисти, усыпанные  
Белым вином зимнего холода.

Тишина, как шёпот старинный,  
Звенит в ушах, как колокольчик.  
А в домах, где печи потрескивают,  
Светится тепло, как звезда в ночи.

Вьюга шепчет в окна, будто сказка,  
Рассказывая о далёком лето.  
Зима – она как песня без слов,  
Но в сердце каждый слышит её.  

Так в деревне зимой, в морозном покое,  
Живёт душа, согретая теплом родного очага.","В деревне зимой, где мороз играет,
Снежинки танцуют в воздухе, как лебеди.
Деревья в инее, словно в серебряной вуали,
А в домах теплом своим укрывают усталых путников.

Лунный свет сквозь окно, как серебряная нить,
Скользит по столу, где горшок с чаем дымится.
Тишина вокруг, лишь ветер шепчет сонно,
И в душе теплом звенит колыбельная зимы.

Снега покрыли крыши, как белые одеяла,
Под ногами хрустит под морозным веянием.
В очаге пылает огонь, согревая душу,
А за окном вьюга, как старинная песня.

Зима в деревне — это сказка без конца,
Где каждый день — новая глава, полная чудес.
И в сердце звучит стихия тихого покоя,
Как в стихах великого Пушкина, в его зимних странствиях. 

Здесь зима — не просто время года,
Но мир, где время словно замедлено.
И в каждом снежинке, в каждом ветре,
Таится поэзия, что в душе звучит, как вечное эхо."
