author,theme,queries,LLM_RAG1,LLM1,LLM_RAG2,LLM2,LLM_RAG3,LLM3
Александр Пушкин,Зима в деревне,Напиши стихотворение в стиле Александра Пушкина. Тема - зима в деревне,"В деревне зимою, где тишь и снег,
Когда метели белым пухом летят,
Я слышу в утреннем часе шаг слуги,
И чашка чая, теплая, в руке держу.

""Как холодно?"" — спрошу я, ""ветер свищет ли?""
""Пороша есть,"" — ответит он, ""и снег лежит.""
Пора в дорогу, скажу я, по седлу сядем,
И скачем по полю, где вьюга стонет.

Арапники в руках, собаки за нами,
Искать следы зверей в этом белом царстве.
Вечером, когда вьюга затихнет,
Свеча мерцает, и в душе тоска звучит.

Как жажду я просторов бескрайних и вольных!
Смотрю в окно, где звёзды, словно драгоценности,
И вспоминаю, как в детстве, зимним вечером,
Я читал книги, мечты мои парили.

Но вновь беру перо, и строки рождаются,
Как морозный узор на стекле в окне.
Зима в деревне — это не только труд и покой,
Но и тайна, что в сердце хранит душа моя.

Вот ночь, когда мороз трещит, и в небе бездонном
Светят звезды, словно жемчужины в тишине.","В деревне зимой, где снег лежит,
И мороз играет в прядях льда,
Как тихо в полях, где ветер свистит,
И вьюга шепчет древними словами.

Свет месяца бледный на окне,
Как слеза, что медленно катится,
И тёплый огонь в очаге струится,
Разгоняя ночь и холодный сон.

Сугробы белые, как пух в полях,
Зима в одежде бархатной и чистой,
А в доме тепло, как в материнских руках,
Где каждый уголок — тихий уют.

Слышен смех детей, играющих в снежки,
Изба дымом вьётся, как старинная песня,
В этой зимней сказке, в этом чудном сне,
Душа согрета, словно в старинном пледе.

Там, где солнце лишь мечтает о весне,
Зима царствует, как королева нежная,
Но в сердце каждого — огонь тепла,
Что не угаснет даже в самые морозные ночи.","Зимой, когда стужа в лесу играет  
И снежная пелена землю одела,  
Я слугу встречу утром с чашкою чая,  
И с ним о зиме беседовать начну.  

""Тепло ли в избе? Занялась ли метель?  
Снегопадом покрыт ли наш край белым?""  
И вот уже кони готовы к стремени,  
И в поле мы скачем, как ветер, смелым.  

Пороши блестящие следы ведут,  
И в воздухе пляшут снежинки легкие.  
А в сердце моем тоска, словно вьюга,  
Но вспоминаю я дни былые, как драгоценные.  

""Куда ж без тебя, подруга суровая,  
Мне в этих снегах пути не найти.  
Ты ждешь меня в глуши лесной, как маяк,  
И вспоминаю, как в детстве мы мечтали"".  

В избе, когда свеча мерцает тусклым светом,  
И ветер воет, словно волк, за окном,  
Я беру перо и строками создаю,  
Как ветер песню свою на рассвете.  

""Ты под окном, где снега занесли путь,  
Ожидая, как вехи на жизненном круге,  
Так и я жду, когда вновь смогу вернуться,  
И в сердце твоем найду свой уголок"".","В зимнем молчании деревни  
Снег хрустит под ногами тихо,  
Как будто лепестки весны,  
Но в сердце зимы – ледяной покой.  

Дома спят, окна в белом свете,  
И только ветер шепчет в трубах,  
Как старый друг, что ждёт ответа,  
В тишине, где ночь и день сливаются.  

Деревья в белизне одеты,  
И каждый ствол, как древний памятник,  
Хранит в себе тайны зимних лет,  
Где сны о летней зелени тают.  

А в воздухе витает мечта,  
Что скоро весна внесёт разлом,  
И солнце, словно яркий факел,  
Расплавит ледяные узоры.  

Зима в деревне – это сон,  
Где каждый миг – как страница книги,  
И время здесь замедляет бег,  
Пока не проснётся вновь природа.","Зимой, когда леса в снегу,
И мороз играет на окне,
Село в тишине, словно внуку,
Подарив тепло своих стен.

В избе печь потрескивает,
И волшебный свет огня
Светит, как в сказке, в темноте,
Где снежинки танцуют вдруг.

Седой старик у окна сидит,
Вязанье в руках, и в мыслях даль,
А рядом внучка с книгой шепчет,
В ее глазах – мечты и страх.

Скрипит снег под ногами коней,
Когда тройка мчится в ночь,
И ветер, как песнь, в снежном танце,
Шепчет о зимних днях и ночах.

Но в доме тепло и уютно,
Как в материнских объятьях.
Здесь каждый уголок – как чудо,
Где зимняя сказка живет.

В печи пышет огонь, как солнце,
И в воздухе аромат хлеба.
Здесь, в деревне, зимой так просто
Увидеть, как светит сердце.

""О, зимняя ночь, ты как поэт,
Ты вдохновляешь на слова,""
— Прошептал старик, глядя в окно,
Где луна, как серебряный шар.","В деревне, где снега белый покров,
Лежит, как легенда древняя, молчаливо.
Зима, словно царица в пышном уборе,
Шепчет ветрам: ""Берегите мой мир, берегите!""

Дома, как замки, стоят в сугробах,
Из окон свет теплый, как звезды, льется.
Вьюга, подобно вальсу, кружится,
Рисует на стекле узоры, как волшебник.

Сани, как птицы, летят по дорогам,
Вьюги шепотом ведет их в дальние края.
Дети, смеясь, бегут за ними,
В воздухе зимний аромат хвои витает.

Зима в деревне — это сказка живая,
Где каждый миг — как мгновенье чудесное.
В сердце её, как в старинной картине,
Отражается тишь, покой и вечная греза."
Владимир Маяковский,Советский патриотизм,Придумай стих в стиле Владимира Маяковского на тему советского патриотизма,"В светлом храме дней, где времени мечта,
Светится пламя знамени, как вчера.
Товарищи, в строю, как стальные клятвы,
Поднимем руки ввысь, как ветра крылья.

""Славься, страна! Славься, что трудом своим
Ты возвела мосты через все преграды!""
Надя, в платье с эмблемой, смеется ярко,
Как солнце в небе, что горит и не падает.

""Тариф, тариф, двадцать четыре тысячи!""
В тишине моря, где волны играют,
Я заведу себе штаны, как кораллы,
Чтобы мир увидел, как коралл среди скал.

Маркс на стене, смотрит, словно пророк,
На нас, на будущее, что в руках держим.
""Обывательщина — враг, что тянет назад,
Светите, как солнце, пусть в сердцах горит!""

Мы, как птицы в полете, мечты летим,
В сердцах наших — огонь, что не угаснет.
""Социализм — наш путь, свобода — наша цель,
Вместе мы построим мир, что вечно будет.","Восход, как звезда на небосклоне,  
Горит над полем, где трудились наши деды.  
Советский гул, как барабан, звучит в сердце,  
И каждый шаг — это строчка в нашей летописи.

Мы — строители мостов и заводов,  
Где сталь и бетон — как символы силы.  
Свет маяка, что ведёт через бурю,  
Сияет в каждом, кто верит в Родину.

Не для себя мы трудимся, не ради славы,  
Но для будущих поколений, для светлой мечты.  
Как Маяковский пел о победе,  
Так и мы кричим: ""Родина — наша судьба!""

Слова — как кирпичи, возводим город,  
Где каждый дом — это часть единства.  
Патриотизм — не в лозунгах, а в деле,  
В каждом поступке, в каждом слове — в истине.

И пусть ветер времени несёт нас вперёд,  
Словно парусник, что плывёт сквозь года.  
Советская земля — наша родина,  
И в сердцах её — огонь неугасимый.","Вот так, как ветер, вольный и смелый,
Встает страна, под знаменем труда,
Советская кавалерия рифм,
Готова в бой за правду и свободу.

Под красным знаменем, как под солнцем,
Стоим мы, пролетарии планеты,
В сердцах наших — огонь и идеалы,
Как ветер в степях, что не знает границ.

Не для войны, а для мира и труда
Мы строим будущее, как великий замысел,
И каждый день — это битва за свет,
За счастье всех, кто в борьбе не устал.

Мы говорим: ""Да!"" — когда просят о мире,
""Нет!"" — когда враг хочет разжечь огонь.
Но в сердце каждого — песня о добре,
О том, что в мире возможен новый рассвет.

Как Маяковский, мы не ждем победы,
А идем вперед, несмотря ни на что,
Свободно собравшиеся, как единый строй,
Мы строим будущее, где нет места злу.

И пусть зима холодна и сурова,
Но в наших сердцах — весна и надежда.
Мы работаем, как герои эпоса,
Чтобы мир, как колесо, несся вперед.

Вот так, как поэт, я вижу перед собой
Страну, полную силы и веры,
Где каждый шаг — это шаг к мечте,
К миру, где нет войны, а есть только мир.","В стальных ладонях земли родной  
Свет горит, как маяк над водой.  
Город-гигант, как сталь и огонь,  
В сердце каждого — советский закон.

Рабочий день, как марш, начинает  
Путь к заветным мечтам и мечтам.  
Мы строим будущее, как сон,  
Где каждый кирпич — символ страны.

В сердцах наших — пламя иsteel,  
Славим мы труд, как славим звезду.  
Не для славы, а для всех людей,  
Советский дух в нас, как реки.

Как ветер в поле, свободный и широкий,  
Мы идём вперёд, не зная тревоги.  
Словно поэмы Маяковского строка,  
В каждом сердце — патриотический зов.

Вот она, страна — мечта и реальность,  
В её просторах — сила и красота.  
Советский патриотизм — это свет,  
Что ведёт нас сквозь время и пространство.  

И в каждом взгляде, в каждом слове —  
Гордость за то, что мы — часть этой земли.  
Советская песня в каждом сердце звучит,  
Как симфония свободы и света.","Великий день настал, когда сияет свет,
Свет революции, что в сердце моём живёт.
Как старший брат, он ведёт нас через бурю,
Светит всегда, не зная ни ночи, ни тьмы.

Ветер зимний, холодный, но мы не боимся,
На субботнике трудимся, дрова грузим в вагоны.
Мы не уйдём, хоть прав уйти имеем вдоволь,
Нашим товарищам нужны эти дрова, чтоб согреть их.

Как дети солнца, в душах огонь горит,
Свободный труд, как песня, в сердцах звучит.
Не для награды, не за копейку, а за веру,
Мы строим мир, где каждый шаг — победа.

А ты, Россия, как ветер, в поле крутись,
Сквозь годы, сквозь бури, как маяк, гори.
Твой патриотизм — не просто слово, а дело,
Как в сердце Маяковского, в каждом из нас.

Не только вагоны, но и души наполняем,
Светом надежды, как солнце на рассвете.
И каждый, кто в этом мире родился,
Светит своей добротой, как звезда в ночи.

Так пусть же каждый день будет как праздник,
Светлым и чистым, как первый снег зимой.
И пусть в сердцах наших никогда не угаснет
Свет революции, что ведёт нас домой.","Великий путь, как шоссе гудок,
Светлою сталью мостов и дорог.
Под солнцем стали, в сердце пламя,
Советский патриотизм — словно маяк.

Мы строим мир, где каждый труд — звезда,
В сердцах горит огонь, как в небесах.
Как ветер вольный, мы летим вперед,
Связанные одной судьбой, как братья.

Песня рабочих, как громкий клич:
""За Родину! За светлый день!"" —
В нас горит огонь, как в поле пшеницы,
И в каждом шаге — шаг вперед, ввысь!

Маяковский бы сказал: ""Не бойтесь,
Будущее — за нами, как солнце!""
Ведь в каждом городе, в каждой деревне
Советский патриотизм — наша вера.

И в сердце каждого — как ветер в поле,
Гремит: ""Мы строим новый мир, не жалея сил!""
Сквозь дождь и снег, сквозь ночь и день,
Мы — едины, мы — сила, мы — страна."
Осип Мандельштам,Осенний дождливый день,Напиши стихотворение на тему осеннего дождливого дня как поэт Осип Мандельштам,"Осенний день, как тихий шепот,  
Вплетает дождь в паутину дней,  
Серебряный свет в окна стучит,  
И мир в одежде серой склонен.  

Листья, как капли, падают вниз,  
Скрипят под ногами, как струны,  
И ветер, будто старый трубач,  
Напевает песню прощанья.  

Туман, как плащ, окутал землю,  
И каждый шаг — как шаг в неизвестность,  
Но в этом мраке, в сырости и тишине,  
Скрыт светлый образ, как видение.  

""Ты слышишь?"" — шепчет дождь, — ""Это я  
Тоску твою, как музыку, играю,  
И в каждой капле — капля судьбы,  
Что льется, как слезы, в вечность"".  

Вот так, как будто бы на картинах  
Мандельштама, где тени и свет,  
Средь осеннего дождливого дня  
Раскрывается душа, как цвет.  

И в этом мире, где вода и тишь,  
Я вижу, как в каждом листе — душа,  
И в каждом капле — музыка тоски,  
Что звучит в сердце, как гимн.","В лужах зеркала осенние,  
Дождь шепчет тайны старинные,  
Листья, словно перья, летят,  
И ветра голос унылый.

Печалью влажной воздух полон,  
Как будто время остановилось.  
Тени деревьев длинны, как мечты,  
В них — отраженье душевных тревог.

Сквозь сетку дождя видны огни,  
Как слёзы в ночи, они горят.  
И в каждом капле — мир другой,  
Где мысли плывут, как облака.

Не грусти, мой друг, под небом дождливым,  
Ведь в каждом листе — история есть.  
Осень — это не конец, а лишь начало,  
Новый день, новый свет, новый путь.  

Так пусть дождь стучит в окно,  
И в сердце твоём расцветает весна.","В тишине осеннего дня,  
Когда дождь стучит в оконное стекло,  
Как будто сердце, бьющееся в тоске,  
Скрипит под ногами листьев сухих мост.

Тучи, словно корабли, плывут навстречу,  
И мгла, как море, окутывает мир.  
Ветер, властелин, вдыхает прохладу,  
И каждый капля – это слеза сир.

Свет померк, как будто светильник погас,  
И в доме тишина, как в монастыре.  
Дождь – как письмо, написанное судьбой,  
Со страницы жизни стирая грани.

Здесь, под крышей, где тени тихо тают,  
Слушаю я, как капли в ритме пляшут.  
Как Осип, в дождь вглядываюсь в пространство,  
Где каждый звук – как стих, где каждая строка – дар.

И вот, как мандельштамовский герой,  
Я чувствую: в дожде – целый мир.  
Слова, как капли, падают в душу,  
И в этом звуке – всё, что я ищу.

""Звездный луч – как соль на топоре,"" –  
Так вспоминаю я его слова.","В осеннем полотне дождя,  
Где капли, как слёзы, летят,  
Лежит земля в унылой мгле,  
Как старый певец в забвенье.

Печалью ветра шепчет лес,  
И в каждом листке — укор:  
""Прошли года, а жизнь — как песня,  
Что в памяти осталась горькой.""

Туманы вьются, словно сны,  
И каждый стебелек — свеча.  
Дождь, как поэт, в тишине  
Безмолвно напевает вечность.

И в этом мире серых дней  
Он будит душу ото сна,  
Чтоб вспомнить, как светло и ясно,  
Когда солнце вновь взойдёт на рану.

Так осень, как мудрец, учит:  
В каждом дожде — своя мера,  
И в каждом листе — свет и тьма,  
Как в жизни, где все мы — гонцы.","На заре осенней, когда туманы влажны,
И дождь стучит в окно, как сердце в тишине,
Я вижу мир, где каждый лист — как капля слёз,
И время словно ткань, что дождь промочил до дна.

Как лебедь белый, плывёт в воздухе дождинка,
Сквозь мгла и тишь, в объятьях ветра кружится.
И в каждой капле — мир, что тает, словно сон,
Где песнь дождя — как молитва, в душе звучит.

""О, день осенний, ты — как сказка в тишине,
Где ветер шепчет в лесу, где листья падают.""
Ты — ржавое железо, что рвет пространство,
Ты — тоска змеи, что танцует в сердце мне.

Как Мандельштам, я слышу в дожде мелодию,
Таинственную, как шёпот в тёмном лесу.
""Не остановлюсь, пока не иссякнет мгла,
Пока не высохнут слёзы, что в сердце таятся.""

И вот, как путник, я иду под дождём,
Смотрю вдаль, где мгла и свет сливаются в одно.
Мой путь — как река, что впадает в тихий пруд,
И в каждом капле — жизнь, что вновь возрождается.","В туманной дали осенний день  
Как старый друг, но незнакомец мой,  
Дождём облит, в одежде серебряной,  
Стоит, словно лист, увядший и грустный.  

Плачет он каплями, как слёзы рек,  
И каждый звук в его мелодии —  
Эхо тихой печали, тайной век,  
Где ветер шепчет сказки о былом.  

Листья падают, как птицы в полёте,  
И в каждом из них — история судьбы.  
Осень — художник, рисующий мгле,  
Картины жизни, где свет и тень сплетены.  

Мандельштам бы сказал: ""В этом дне —  
Тоска по прошлому, что уж не вернуть,  
Но в каждой капле — искра нового дня,  
И в каждом листе — надежда на весну.""  

Так пусть же дождь, как поэт, поёт,  
Разгадывая тайны осени.  
И в каждом звуке, в каждом дожде —  
Свет и тьма, любовь и боль, в единстве."
Анна Ахматова,Безответная любовь,Сгенерируй стих на тему безответной любви в стиле Ахматовой,"В тишине августовской ночи,  
Где шепчет ветер, словно тень,  
Ты ждёшь меня, но я – как туча,  
Что пролетает мимо дня.

Могила моя безымянна,  
И в сердце – шиповник цветёт,  
Но только слёзы рады, знаю,  
Что вновь не встретимся мы вновь.

Твой взор, как звезда, исчезает,  
Но в памяти моей он жжёт,  
Как пламя, что в душе угасает,  
И боль в сердце – вечный укор.

Шиповник мой – символ любви,  
Но ветер уносит его лепестки,  
И я, как вдова, в тишине молчу,  
Среди холодных стен Фонтанного дома.

Ты – свет в ночи, но не для меня,  
Ты – мост через бездонное море,  
Но я – корабль, потерявший парус,  
Что плывёт вдаль, не зная порта.

И в каждом слове, как в песне,  
Таится боль несказанная,  
Любовь моя – как шепот ветра,  
Что не находит места в сердце.

Ты ждёшь меня, но я – лишь тень,  
Что растворяется в тишине,  
И в этом мраке, в памяти моей,  
Ты – мечта, что не сбудется.","В тишине ночи, где тени шепчут,
Любовь моя тает, как утренний туман.
Безмолвный жених мой, ты в сердце хранитель,
Но в ответ лишь эхо моих мечтаний.

Как лунный свет в окне, ты далек и ясен,
А в душе моей — океан без берегов.
Я пишу тебе письма, но они без адреса,
И ветер уносит их в бездонный простор.

Ты — звезда в небе, но моя — лишь тень,
И свет твой мне не дарит тепла.
В тишине души моей звучит твой голос,
Но только эхо в ответ, как вечная мгла.

Как листва осенняя, я увядаю,
В ожидании, что когда-то ты придёшь.
Но время идёт, а ты — как призрак,
И в сердце моём остаётся лишь печаль.","В тишине августовской ночи,
Где шепчет ветер в листьях шиповника,
Ты вспоминаешь, как в тот далёкий миг,
Любовь, как буря, в сердце взметнулась.

Безмолвные слова, как звёзды в небе,
Мне шептали о том, что не сбылось.
Я – лишь тень, что промелькнула в судьбе,
Но в сердце моём – огонь неугасимый.

Там, где Фонтанный дом, где тени прошлых лет,
Любовь моя, как шепот ветра в саду,
Несказанные речи – лишь эхо встреч,
Что в сердце моём звучат, как звон колоколов.

Не скрещённые взгляды, как два пути,
Которые не встретились, но ведут к свету.
Я – могила твоей любви безымянной,
Но в памяти моей – её огонь не угасает.

Ты – мой шиповник, цветущий в мечтах,
Но в реальности – лишь тень на стене.
И я, как та, что плакала и каялась,
Всё жду, когда ты вспомнишь обо мне.

В этом мире, где любовь – лишь мираж,
Где сердце томится, как в тумане,
Я – лишь тень, что скитается в ночи,
Ищу в твоих глазах хоть малейший знак.","В тишине ночной, где мгла и тень,
Безмолвствует сердце, как ледяная река.
Любовь, что горит, но не пылает пламенем,
Как тень на стене, ветром унесённая.

Её глаза — звезды, что не взойдут,
Её голос — шепот, что не услышат.
В душе моей — океан, но нет берега,
И лишь отраженье в воде — её лицо.

Сквозь годы и века, как тихий прибой,
Воспоминания жгут, как холодный огонь.
Безответная любовь — как песня вдали,
Что в сердце звучит, но не находит слов.

И в этом танце теней, в этом мире снов,
Я ищу её, но вижу лишь образ.
Как Ахматова пела о печали и боли,
Так я пою о любви, что не нашла пути.","В тишине августовских дней,  
Когда шепчет ветер в ветвях,  
Я вспоминаю, как любила,  
Как любовь моя уходила.  

Безымянная могила в сердце,  
Как шиповник в Подмосковье,  
Цветет, не зная, где найти ответа,  
В моей душе, в твоей пустоте.  

Таинственная невстреча,  
Где не сказано ни слова,  
Но слезы, как реки, текут,  
И молча, мы встречаем зарю.  

Ты — тень, что бродишь в саду,  
Где ветер шепчет прощальные речи,  
И ангел смерти вдали виден,  
Как символ нашей разлуки.  

В памяти живет шиповник,  
Как символ несбывшихся мечтаний,  
И я, как Рахиль, проклинаю судьбу,  
Говоря, что любовь — лишь обман.  

Но в ночи, когда течет река,  
И звезды смотрят с высот,  
Я вспоминаю голос твой,  
Как голос голубиный Тамары.  

В этом мире, где все так пусто,  
Где любовь — лишь тень и эхо,  
Ты — мой Булонский лес,  
Где запах бензина и сирени.","В тиши ночной, где тени тают,  
Любовь моя — как лист осенний,  
Падает в пустоту, не зная,  
Куда стремится, где найти покой.

Безмолвный шепот ветра в ушах,  
Как эхо прежних дней, когда  
Твой образ был для сердца даром,  
Но стал лишь тенью в мраке ночей.

Свет луны — как слёзы на окне,  
Рисует в памяти твои черты,  
Но ты — как звезда вдалеке,  
Недостижимая, как мечта.

И в этом бреду, в этом страхе,  
Я ищу ответ в тишине,  
Но лишь эхо ветра слышу,  
Как в сердце вечное ""ты"" моё.  

Так любовь моя, как река,  
Не находит берегов,  
В безответности тонет,  
В ожидании твоего слова."
Иосиф Бродский,Одиночество в городе,Придумай стихотворение на тему одиночества в городе. Пиши в стиле Иосифа Бродского,"В тени фонарей, где город тихо дремлет,
Между улиц, словно в сети, запутаны,
Одинокие шаги мои — эхо ночи,
В пустоте, где лишь тени отражаются.

Окна домов, как глаза в темноте,
Смотрят вдаль, но не видят ничего,
За стеклом — чужие жизни, не мое,
И только ветер шепчет: «Ты не одинок».

Метро подземное, как река в плену,
Перевозит души, но не сердца в пути,
И каждый, кто в нем проходит, — странник вдвойне,
Ищет смысл в этом мире, лишенном света.

На площадях, где тени длинны и мрачны,
Звезды мерцают, как далекие маяки,
Но город их не видит, погружен в сон,
И в этом мраке я — лишь одинокий миг.

Скрип дверей, как прощание с мечтами,
Шорох листьев, как шепот забытых слов,
И в тишине, где звуков больше нет,
Я слышу голос твоего города, мой друг.

Бродские строки в воздухе витают,
И в каждом слове — глубокая печаль,
Одиночество — это город в сердце,
Где каждый уголок — напоминание о былом.","В пустынных улицах города,  
Где тени длинны и молчаливы,  
Я — одинокий странник ночи,  
Средь света, что бросает луна.

Каменные стены возвышаются,  
Как древние стражи забвения,  
Их холодный взгляд на меня направлен,  
Но в сердце моём — лишь тишина.

Здесь каждый дом — как замкнутый мир,  
Где голос мой теряется в тишине,  
А ветер, что шепчет сквозь окна,  
Таит в себе лишь эхо одиночества.

Но в этом городе, где душа скрыта  
Под масками лиц и дел,  
Я нахожу свой голос в тишине,  
Как в зеркале, отражающем свет.

И в каждом прохожем, что мимо пройдет,  
Я вижу частицу себя,  
И понимаю, что одиночество —  
Не стенание, а мост между мирами.","В городе, где тени и свет играют,
Как листья на ветру, одиноко брожу я.
Сумерки обнимают небоскребы,
И каждый дом — как забытый корабль, плывущий в море.

В этом городском полотне безликом,
Где улицы — лишь лабиринт дорог,
Я ищу себя среди звуков и тишин,
Но в каждом уголке — лишь эхо моих шагов.

Как Бродский, я вглядываюсь в пустоту,
Где улицы шепчут о прошедших годах.
Ночь — мой компаньон, свет фонарей — мой свет,
Но даже он не согреет душу в одиночестве.

Здесь, в тишине, где снежинки танцуют,
Я вижу лица, но не вижу души.
Как в стихах Бродского, в этом городе
Жизнь — лишь миг, и каждый миг — лишь прощание.

Окно открыто, ветер входит в комнату,
И с каждым вздохом ветра — новый вопрос:
""Почему я здесь, один среди тысяч?""
Ответ прост: потому что такова судьба.

Но в этой пустоте, в этой тишине,
Я нахожу силы, чтобы продолжать.
Как Бродский, я знаю: одиночество — это
Не конец, а начало нового пути.","В тенях городских улиц, где мрак играет,
Одиночество — мой спутник, как старый плащ.
Свет фонарей — холодный, как ледяная вода,
И каждый шаг — эхо, что звучит в пустоте.

Здания, как корабли в ночной гавани,
Поднимают башни к небесам, но сердце моё — в тени.
Ветер шепчет в проводах, словно голос из прошлого,
Но ответа нет, лишь эхо одиночества.

Я ищу утешение в этом каменном лесу,
Где каждый уголок — это мир, но не мой.
Свет фар пробегает, как мимолетная мечта,
И растворяется в ночи, оставляя меня здесь.

Как ветер в осеннем парке, я блуждаю один,
Среди тысяч лиц, но ни одно не знает меня.
Одиночество — мой компаньон, мой друг и враг,
В городе, где каждый дом — это замкнутый круг.

И все же, в этой пустоте, есть музыка,
Это ритм сердца, что бьётся в тишине.
И в каждом звуке, что доносится издалека,
Я слышу шёпот: ""Ты не одинока"".","В тишине городского угла,
Где ночь, как ветер, шепчет молча,
Стою один, как древний фрегат,
Что в бурях времени устало.

Свет фонарей, как мигание глаз,
Смотрят в пустоту, без ответа.
Здесь каждый дом – чужая маска,
И только звезды – старый брат.

Бродят тени, как тени мыслей,
По асфальту, где шаги эхом.
Здесь нет ни встреч, ни новых свиданий,
Только эхо одиночества.

Дома спят, как в сказке забытые,
И только ветер, как старый друг,
Шепчет в окно, что путь далекий
И город – лишь отражение вдруг.

А я – один среди тысяч лиц,
Что мелькают, как призраки снов.
Как море в тишине, глубокий,
Мой город – клетка для души моей.

И в каждом звуке, в каждом вздохе,
Вижу тень, что не знает покоя.
Одинокий странник в мире этом,
Я ищу свет, что не находит меня. 

Но в этой тишине, в этой тьме,
Вдруг слышу голос, далекий, но живой:
""Ты не один, мой друг, ты лишь в пути,
И в сердце твоем – целый мир живой.","В каменных лабиринтах города,  
Где небо — лишь узкая полоска,  
Я блуждаю, как призрак в одежде,  
Ищу тепло, но лишь холод в ответ.

Свет фонарей — мираж иль реальность?  
Стеклянные двери, за которыми — пустота.  
Каждый прохожий — беглец от себя,  
Но я один — вечный странник в ночи.

Мой голос растворяется в воздухе,  
Как капля в бездонной воде реки.  
Тени деревьев шепчут о забытом,  
О том, что в душе моей давно угасло.

И всё же, в этом городе железном,  
Где каждый уголок — словно чужой дом,  
Я нахожу отзвук души своей,  
В звуках дождя, в тишине улиц.

Одинокий, но свободный, как ветер,  
Я иду сквозь город, что не знает меня,  
И в каждом окне — частичка меня,  
В каждом шаге — мечта о возвращении.  

Так в сердце городе живу,  
В тишине его — мой голос звучит,  
И хотя в одиночестве я,  
Но в каждом сердце — свой уголок света."
