author,name,queries,LLM,LLM_RAG
Владимир Маяковский,Послушайте!,"Напиши краткий анализ стихотворения Владимира Маяковского ""Послушайте!"" на основе его размера, рифмы и основной мысли","Стихотворение Владимира Маяковского ""Послушайте!"" написано в форме свободного стиха, что характерно для авангардной поэзии начала XX века. Размер произведения нерегулярный, с чередованием строк разной длины, что создаёт динамичность и подчёркивает стремительность и эмоциональную насыщенность текста. 

Рифма в стихотворении также непредсказуема: она может быть как точной, так и неточной, часто используется перекрёстная и параллельная рифма, что добавляет музыкальности и ритмичности. Такой подход позволяет Маяковскому создавать эффект неожиданности и усиливать эмоциональное воздействие на читателя.

Основная мысль стихотворения заключается в призыве к общественному пробуждению и изменению. Поэт обращается к людям с требованием слушать и понимать происходящее вокруг, призывая их к активному участию в жизни общества и борьбе за справедливость. В этом контексте Маяковский использует яркие образы и метафоры, чтобы подчеркнуть важность каждого человека в общественном процессе.

Ключевые строки, отражающие основную мысль:

1. ""Послушайте! Я кричу вам в окно...""
2. ""Мы должны быть готовы к переменам!""
3. ""Возьмите в руки судьбу свою!""

Эти строки демонстрируют стремление Маяковского вдохновить и мобилизовать людей на действия, показывая, что каждый индивидуум играет важную роль в формировании будущего.","Стихотворение Владимира Маяковского ""Послушайте!"" написано в свободном стихе, что характерно для футуристической поэзии, где автор стремился освободиться от строгих формальных ограничений. Размер стихотворения нерегулярный, что подчеркивает динамику и эмоциональность повествования.

Рифма в стихотворении не является обязательной, что также соответствует футуристическим экспериментам с языком и формой. Однако, в некоторых строках можно заметить внутреннюю рифму, например, в фразе ""метелях полуденной пыли"", что добавляет музыкальности и ритмичности тексту.

Основная мысль стихотворения заключается в вопросе о значении и необходимости существования звезд. Маяковский задает вопрос: ""Значит, это кому-нибудь нужно?"" и развивает эту идею через метафору человека, который ""врывается к богу"", прося звезду, чтобы унять свою беззвездную муку. Это символизирует человеческое стремление к красоте, надежде и смыслу, даже когда реальность кажется беззвездной и тягостной. Таким образом, стихотворение поднимает вопросы о предназначении искусства и его влиянии на жизнь людей."
Федор Тютчев,Весенняя гроза,"Анализ стихотворения Федора Тютчева ""Весенняя гроза"" на основе его размера, рифмы и основной мысли","Стихотворение Фёдора Тютчева ""Весенняя гроза"" написано в форме шестистишия (семь строк), где каждая четная строка является более длинной, чем нечетная. Это создает динамичный ритм, отражающий бурную силу весенней грозы. Размер стихотворения — четырехстопный хорей с использованием пиррихия в третьей строке, что добавляет музыкальности и плавности.

Рифма в стихотворении — перекрестная (абабв), что подчеркивает контраст между спокойствием перед грозой и ее яростью. Такая структура рифм помогает выделить ключевые моменты и создать ощущение движения.

Основная мысль стихотворения заключается в противопоставлении тишины и бурного разгула природы. Тютчев использует образы грозы, чтобы показать, как природа может быть одновременно прекрасной и разрушительной. В начале стихотворения он рисует картину спокойного вечера, а затем резко переходит к описанию мощной грозы, которая символизирует неизбежность перемен и силу природных явлений. В финале стихотворения звучит мысль о том, что даже после бури наступает тишина, и природа возвращается в свое обычное состояние, что отражает идею гармонии и равновесия в мире.

Релевантные строки для анализа:

1. ""Какая ночь! Какая тишина!""
2. ""И вот потрясенный воздух полнится...""
3. ""И молнии играют вдали...""
4. ""Но вот раздался громовой удар...""
5. ""И, утомленный, мир заснул опять.""
6. ""И вновь все тихо, тихо, тихо вокруг..."" 

Эти строки демонстрируют переход от спокойствия к буре и обратно, что является центральной темой стихотворения.","Стихотворение Федора Тютчева ""Весенняя гроза"" написано четырёхстопным хореем, что придаёт ему плавность и музыкальность. Размер стиха создаёт ощущение движения и живости, что особенно подходит для изображения весенней грозы.

Рифма в стихотворении является перекрестной (ABAB), что добавляет ритмичности и упорядоченности тексту. Такой тип рифмы подчёркивает связь между разными частями стихотворения, создавая гармоничное восприятие.

Основная мысль стихотворения заключается в красоте и мощи природы, в частности весенней грозы. Тютчев изображает грозу не как устрашающее явление, а как радостное событие, которое оживляет природу. В стихах звучит восхищение силой природы и её способностью вызывать такие яркие эмоции:

1. **""Люблю грозу в начале мая...""** – здесь автор выражает своё личное отношение к грозе, подчёркивая её особую привлекательность в начале весны.
2. **""Гремят раскаты молодые...""** – молодость и свежесть грома передаются через слова, создавая образ весеннего возрождения.
3. **""Вот дождик брызнул, пыль летит...""** – описание дождя и пыли передаёт динамику и энергию природных процессов.
4."
Михаил Лермонтов,Родина,"Напиши краткий анализ стихотворения Михаила Лермонтова ""Родина"" на основе его размера, рифмы и основной мысли","Стихотворение Михаила Лермонтова ""Родина"" написано в форме четверостиший с чередующейся рифмовкой (абаб). Оно состоит из 16 строк и имеет размер ямбического триметра, который придает тексту плавность и мелодичность.

Основная мысль стихотворения заключается в сложных и противоречивых чувствах поэта по отношению к родине. Лермонтов выражает любовь к России, но одновременно испытывает разочарование и неприятие её социальных порядков. В первых двух строфах он описывает свою привязанность к родной земле:

> На чужбине, в далёком краю  
> Где ни души моей не жаль,  
> Я скучаю по русской хляби,  
> По полям, где бегут ручьи.

Эти строки подчеркивают тоску по родной природе и её простоте. Однако в третьей строфе Лермонтов обращается к внутреннему конфликту, вызванному несовершенством общества:

> Но странно! мне порой бывает  
> Хоть я ненавижу её,  
> Я всё-таки люблю Россию  
> За то, что она моя.

Таким образом, стихотворение отражает внутреннюю борьбу поэта между любовью и неприятием родины. Это делает произведение глубоким и многогранным, позволяя читателю увидеть в нем не только восхищение красотой родной земли, но и критическое отношение к её проблемам.","Стихотворение Михаила Лермонтова ""Родина"" написано четырехстопным ямбом, что придает тексту плавность и ритмичность. Рифма в стихотворении перекрестная (ABAB), что создает гармоничное звучание и подчеркивает эмоциональную глубину строк.

Основная мысль стихотворения заключается в том, что любовь поэта к родине не имеет рационального объяснения и не связана с внешними атрибутами, такими как слава или история. Лермонтов подчеркивает, что его чувство к России связано с природными образами и простыми жизненными моментами: ""ее степей холодное молчанье"", ""дрожащие огни печальных деревень"", ""чету белеющих берез"". Эти детали создают атмосферу глубокой связи с родной землей, которая остается загадочной и личной для самого поэта. Таким образом, стихотворение передает не только любовь к родине, но и ее таинственность и непостижимость для разума."
Эдуард Асадов,Я могу тебя очень ждать...,"Проанализируй ""Я могу тебя очень ждать"" Эдуарда Асадова на основе его размера, рифмы и основной мысли","Стихотворение Эдуарда Асадова ""Я могу тебя очень ждать..."" написано в размере ямба, что придает ему плавность и естественность, подчеркивая внутреннюю гармонию и спокойствие автора. Стихотворение построено на перекрестной рифмовке (ABAB), что создает ощущение динамики и устойчивости в повествовании. Основная мысль произведения заключается в силе и глубине человеческой любви, способности ждать и надеяться даже в самых сложных обстоятельствах. Автор выражает уверенность в том, что любовь может преодолеть любые расстояния и время, подчеркивая вечную природу чувств. В строках:

""Я могу тебя очень ждать,
Все моря переплыть,
Все дороги пройти,
Чтобы увидеть тебя снова.""

показана не только физическая готовность к путешествиям ради любимого человека, но и метафорическое преодоление всех преград ради любви. Это стихотворение является ярким примером того, как простые слова могут передавать сложные эмоции и идеи.","Стихотворение Эдуарда Асадова ""Я могу тебя очень ждать"" имеет четкий размер и рифмовку, что придает ему особую музыкальность и запоминаемость. Размер стихотворения — четырехстопный ямб, что делает его ритмичным и плавным. Рифма в стихотворении регулярная, использует перекрестную схему (ABAB), что создает ощущение гармонии и завершенности каждой строфы.

Основная мысль стихотворения заключается в силе и самоотверженности любви, которая способна преодолеть любые препятствия и трудности. Поэт подчеркивает готовность ждать любимого человека долгие годы, идти за ним по любым путям, даже самым трудным, и отдавать ему все, что у него есть. Важной частью этой мысли является стремление понять, действительно ли любовь взаимна и не приведет ли она к предательству или разочарованию.

Вот ключевые моменты, отражающие основную мысль:

1. **Ждать долго и верно**: ""Я могу тебя очень ждать, / Долго-долго и верно-верно,"" — подчеркивается готовность ждать бесконечно.
2. **Преодоление трудностей**: ""Я могу за тобой идти / По чащобам и перелазам, / По пескам, без дорог почти, / По горам, по любому пути,"" — показывается готовность идти за любимым человеком через любые испытания.
3."
Анна Ахматова,А ты думал - я тоже такая...,"Проанализируй Анны Ахматовой ""А ты думал - я тоже такая"" на основе его размера, рифмы и основной мысли","Стихотворение Анны Ахматовой ""А ты думал - я тоже такая..."" написано в размере четырёхстопного анапеста, что создаёт ритмичность и плавность, подчёркивая внутреннюю борьбу героини. Рифма в стихотворении перекрестная (ABAB), что добавляет музыкальности и делает текст более запоминающимся.

Основная мысль произведения заключается в разоблачении мифа о женственности и покорности. Ахматова показывает, что за внешним спокойствием и покорностью скрывается глубокое внутреннее сопротивление и сила духа. Через метафору ""я тоже такая"" поэтесса демонстрирует, что за внешним фасадом может скрываться совсем другая, более сложная и многогранная личность. В этом стихотворении Ахматова бросает вызов стереотипам о женской природе, подчеркивая индивидуальность и независимость героини.","Стихотворение Анны Ахматовой ""А ты думал - я тоже такая"" написано в размере четырехстопного ямба, что придает ему ритмическую устойчивость и мелодичность. Это позволяет поэту четко выразить свои чувства и мысли. Основная рифма – перекрестная (ABAB), что добавляет стихотворению гармоничности и плавности.

Основная мысль стихотворения заключается в разочаровании и решимости поэтессы отказаться от прежних отношений. Она отвергает идею о том, что может вернуться к человеку, который её предал или недооценил. Ахматова подчеркивает свою независимость и силу духа, заявляя, что не будет просить прощения или возвращаться, даже если это потребует жертв:

- ""И что брошусь, моля и рыдая, / Под копыта гнедого коня.""
- ""Будь же проклят. Ни стоном, ни взглядом / Окаянной души не коснусь.""

Вместо этого она клянется ангельским садом, иконой и пламенным чадом ночей, что символизирует её непоколебимую решимость и духовную чистоту. Это подчеркивает её внутреннюю силу и отказ от прежних иллюзий."
